pos1	pos2	r2
618	754	NA
5622	5858	0.0547874746092834
6622	6627	1.45271767158412e-06
6622	6670	0.248654668549645
6622	6719	0.0710942985585347
6622	6910	0.000211032078760187
6627	6670	0.0549284735742439
6627	6719	0.0140679155448242
6627	6910	7.47630012859236e-06
6670	6719	0.11380387845868
6670	6910	0.00074054615244068
6670	7055	0.000154546476340339
6719	6910	0.00806057047368764
6719	7055	0.000146283940113146
6910	7055	0.0215897520998201
