pos1	pos2	r2
643	754	NA
1442	1505	0.0504248234587829
1995	2374	0.000966835936641123
3314	3578	0.0026031131190401
5402	5591	9.00025200705625e-05
7076	7332	0.000324310881475957
7332	7633	0.00408444305458781
7633	7963	0.000100689820600078
7963	8329	5.2871507728904e-05
8329	8388	0.00110115772824717
9185	9266	1.84766470798074e-07
9185	9403	0.0021779469334335
9266	9403	3.389352613283e-05
