pos1	pos2	r2
618	754	NA
5622	5858	8.98773533636e-06
6622	6627	0.176729410873156
6622	6670	0.346313124746907
6622	6719	0.0370319503535558
6622	6910	0.000170818871836137
6627	6670	0.0642890285126751
6627	6719	0.00506987124454704
6627	6910	NA
6670	6719	0.136865076996915
6670	6910	9.67135332826085e-05
6670	7055	0.00207126908121366
6719	6910	5.44847756601079e-05
6719	7055	0.000120852455054018
6910	7055	0.0354520066526675
