pos1	pos2	r2
618	621	0.0119226570258335
618	629	0.000207960973582518
618	633	4.29035459088697e-05
618	643	9.67702616268578e-05
618	754	NA
618	754	NA
621	629	0.00166932400957309
621	633	0.0243030099570972
621	643	8.05164053828056e-06
621	754	NA
621	754	NA
629	633	0.00732114523723396
629	643	0.000509863658717472
629	754	NA
629	754	NA
633	643	0.00063158355134443
633	754	NA
633	754	NA
643	754	NA
643	754	NA
754	754	NA
