pos1	pos2	r2
618	754	NA
5622	5858	0.00339341574538086
6622	6627	0.933750001527121
6622	6670	0.243934049570571
6622	6719	0.000857667383002053
6622	6910	0.112780864047845
6627	6670	0.233297451281821
6627	6719	0.00173366667611573
6627	6910	0.116272372851172
6670	6719	0.00143268164750684
6670	6910	0.223606497629161
6670	7055	0.155672477876685
6719	6910	0.00573079520853563
6719	7055	0.00115888322033948
6910	7055	0.267552642871488
