pos1	pos2	r2
618	754	NA
5622	5858	1.77667333113977e-05
6622	6627	0.0621813663013
6622	6670	0.214737743502737
6622	6719	0.0553730522967053
6622	6910	0.000169213883999182
6627	6670	0.0102472228762309
6627	6719	1.39203370228231e-06
6627	6910	7.02211351321731e-06
6670	6719	0.0522232732486263
6670	6910	0.00047468510131964
6670	7055	6.11145488044814e-05
6719	6910	0.00258370184861368
6719	7055	5.51544203869922e-05
6910	7055	0.0115602703129982
